#queryIndex	queryItem	stringId	preferredName	annotation
1	9543	9606.ENSP00000332773	IGDCC3	Immunoglobulin superfamily DCC subclass member 3.
2	165	9606.ENSP00000223357	AEBP1	Adipocyte enhancer-binding protein 1; [Isoform 1]: As a positive regulator of collagen fibrillogenesis, it is probably involved in the organization and remodeling of the extracellular matrix; Belongs to the peptidase M14 family.
3	2200	9606.ENSP00000325527	FBN1	Fibrillin-1; [Fibrillin-1]: Structural component of the 10-12 nm diameter microfibrils of the extracellular matrix, which conveys both structural and regulatory properties to load-bearing connective tissues. Fibrillin-1-containing microfibrils provide long-term force bearing structural support. In tissues such as the lung, blood vessels and skin, microfibrils form the periphery of the elastic fiber, acting as a scaffold for the deposition of elastin. In addition, microfibrils can occur as elastin-independent networks in tissues such as the ciliary zonule, tendon, cornea and glomerulus  [...] 
4	1307	9606.ENSP00000362776	COL16A1	Collagen alpha-1(XVI) chain; Involved in mediating cell attachment and inducing integrin- mediated cellular reactions, such as cell spreading and alterations in cell morphology.
5	633	9606.ENSP00000327336	BGN	Biglycan; May be involved in collagen fiber assembly.
6	1289	9606.ENSP00000360882	COL5A1	Collagen alpha-1(V) chain; Type V collagen is a member of group I collagen (fibrillar forming collagen). It is a minor connective tissue component of nearly ubiquitous distribution. Type V collagen binds to DNA, heparan sulfate, thrombospondin, heparin, and insulin.
7	83716	9606.ENSP00000262424	CRISPLD2	Cysteine-rich secretory protein LCCL domain-containing 2; Promotes matrix assembly; Belongs to the CRISP family.
8	1278	9606.ENSP00000297268	COL1A2	Collagen alpha-2(I) chain; Type I collagen is a member of group I collagen (fibrillar forming collagen); Belongs to the fibrillar collagen family.
9	84627	9606.ENSP00000456500	ZNF469	Zinc finger protein 469; May be involved in transcriptional regulation; Belongs to the krueppel C2H2-type zinc-finger protein family.
10	7078	9606.ENSP00000266085	TIMP3	Metalloproteinase inhibitor 3; Complexes with metalloproteinases (such as collagenases) and irreversibly inactivates them by binding to their catalytic zinc cofactor. May form part of a tissue-specific acute response to remodeling stimuli. Known to act on MMP-1, MMP-2, MMP-3, MMP-7, MMP-9, MMP-13, MMP-14 and MMP-15.
11	1277	9606.ENSP00000225964	COL1A1	Collagen alpha-1(I) chain; Type I collagen is a member of group I collagen (fibrillar forming collagen).
12	1842	9606.ENSP00000344758	ECM2	Extracellular matrix protein 2; Promotes matrix assembly and cell adhesiveness.
13	1293	9606.ENSP00000295550	COL6A3	Collagen alpha-3(VI) chain; Collagen VI acts as a cell-binding protein.
14	148113	9606.ENSP00000291495	CILP2	Cartilage intermediate layer protein 2 C1; May play a role in cartilage scaffolding.
15	55083	9606.ENSP00000385545	KIF26B	Kinesin-like protein KIF26B; Essential for embryonic kidney development. Plays an important role in the compact adhesion between mesenchymal cells adjacent to the ureteric buds, possibly by interacting with MYH10. This could lead to the establishment of the basolateral integrity of the mesenchyme and the polarized expression of ITGA8, which maintains the GDNF expression required for further ureteric bud attraction. Although it seems to lack ATPase activity it is constitutively associated with microtubules (By similarity); Belongs to the TRAFAC class myosin-kinesin ATPase superfamily. K [...] 
16	11117	9606.ENSP00000369677	EMILIN1	EMILIN-1; May be responsible for anchoring smooth muscle cells to elastic fibers, and may be involved not only in the formation of the elastic fiber, but also in the processes that regulate vessel assembly. Has cell adhesive capacity.
17	1281	9606.ENSP00000304408	COL3A1	Collagen alpha-1(III) chain; Collagen type III occurs in most soft connective tissues along with type I collagen. Involved in regulation of cortical development. Is the major ligand of ADGRG1 in the developing brain and binding to ADGRG1 inhibits neuronal migration and activates the RhoA pathway by coupling ADGRG1 to GNA13 and possibly GNA12.
18	284297	9606.ENSP00000374274	SSC5D	Soluble scavenger receptor cysteine-rich domain-containing protein SSC5D; Binds to extracellular matrix proteins. Binds to pathogen- associated molecular patterns (PAMPs) present on the cell walls of Gram-positive and Gram-negative bacteria and fungi, behaving as a pattern recognition receptor (PRR). Induces bacterial and fungal aggregation and subsequent inhibition of PAMP-induced cytokine release. Does not possess intrinsic bactericidal activity. May play a role in the innate defense and homeostasis of certain epithelial surfaces (By similarity).
19	114905	9606.ENSP00000295297	C1QTNF7	Complement C1q tumor necrosis factor-related protein 7; C1q and TNF related 7.
20	4313	9606.ENSP00000219070	MMP2	72 kDa type IV collagenase; Ubiquitinous metalloproteinase that is involved in diverse functions such as remodeling of the vasculature, angiogenesis, tissue repair, tumor invasion, inflammation, and atherosclerotic plaque rupture. As well as degrading extracellular matrix proteins, can also act on several nonmatrix proteins such as big endothelial 1 and beta- type CGRP promoting vasoconstriction. Also cleaves KISS at a Gly-|-Leu bond. Appears to have a role in myocardial cell death pathways. Contributes to myocardial oxidative stress by regulating the activity of GSK3beta. Cleaves GSK3 [...] 
21	83468	9606.ENSP00000354053	GLT8D2	Glycosyltransferase 8 domain containing 2.
22	2318	9606.ENSP00000327145	FLNC	Filamin-C; Muscle-specific filamin, which plays a central role in muscle cells, probably by functioning as a large actin-cross-linking protein. May be involved in reorganizing the actin cytoskeleton in response to signaling events, and may also display structural functions at the Z lines in muscle cells. Critical for normal myogenesis and for maintaining the structural integrity of the muscle fibers.
23	1295	9606.ENSP00000261037	COL8A1	Collagen alpha-1(VIII) chain; Macromolecular component of the subendothelium. Major component of the Descemet's membrane (basement membrane) of corneal endothelial cells. Also component of the endothelia of blood vessels. Necessary for migration and proliferation of vascular smooth muscle cells and thus, has a potential role in the maintenance of vessel wall integrity and structure, in particular in atherogenesis.
24	1462	9606.ENSP00000265077	VCAN	Versican core protein; May play a role in intercellular signaling and in connecting cells with the extracellular matrix. May take part in the regulation of cell motility, growth and differentiation. Binds hyaluronic acid.
25	775	9606.ENSP00000266376	CACNA1C	Voltage-dependent L-type calcium channel subunit alpha-1C; Pore-forming, alpha-1C subunit of the voltage-gated calcium channel that gives rise to L-type calcium currents. Mediates influx of calcium ions into the cytoplasm, and thereby triggers calcium release from the sarcoplasm (By similarity). Plays an important role in excitation-contraction coupling in the heart. Required for normal heart development and normal regulation of heart rhythm. Required for normal contraction of smooth muscle cells in blood vessels and in the intestine. Essential for normal blood pressure regulation via  [...] 
26	10082	9606.ENSP00000366246	GPC6	Secreted glypican-6; Cell surface proteoglycan that bears heparan sulfate. Putative cell surface coreceptor for growth factors, extracellular matrix proteins, proteases and anti-proteases (By similarity). Enhances migration and invasion of cancer cells through WNT5A signaling. Belongs to the glypican family.
27	1009	9606.ENSP00000268603	CDH11	Cadherin-11; Cadherins are calcium-dependent cell adhesion proteins. They preferentially interact with themselves in a homophilic manner in connecting cells; cadherins may thus contribute to the sorting of heterogeneous cell types.
28	114899	9606.ENSP00000371497	C1QTNF3	Complement C1q tumor necrosis factor-related protein 3; C1q and TNF related 3.
29	85352	9606.ENSP00000370568	SHISAL1	Protein shisa-like-1; Shisa like 1.
30	7425	9606.ENSP00000249330	VGF	Neuroendocrine regulatory peptide-1; [Neurosecretory protein VGF]: Secreted polyprotein that is packaged and proteolytically processed by prohormone convertases PCSK1 and PCSK2 in a cell-type-specific manner (By similarity). VGF and peptides derived from its processing play many roles in neurogenesis and neuroplasticity associated with learning, memory, depression and chronic pain (By similarity). [Neuroendocrine regulatory peptide-2]: Plays a role in the control of body fluid homeostasis by regulating vasopressin release. Activates GABAergic interneurons which are inhibitory neurons o [...] 
31	1290	9606.ENSP00000364000	COL5A2	Collagen alpha-2(V) chain; Type V collagen is a member of group I collagen (fibrillar forming collagen). It is a minor connective tissue component of nearly ubiquitous distribution. Type V collagen binds to DNA, heparan sulfate, thrombospondin, heparin, and insulin. Type V collagen is a key determinant in the assembly of tissue-specific matrices (By similarity).
32	147906	9606.ENSP00000375783	DACT3	Dapper homolog 3; May be involved in regulation of intracellular signaling pathways during development. Specifically thought to play a role in canonical and/or non-canonical Wnt signaling pathways through interaction with DSH (Dishevelled) family proteins.
33	127435	9606.ENSP00000379212	PODN	Podocan; Negatively regulates cell proliferation and cell migration. Belongs to the small leucine-rich proteoglycan (SLRP) family. SLRP class V subfamily.
34	2335	9606.ENSP00000346839	FN1	Fibronectin; Fibronectins bind cell surfaces and various compounds including collagen, fibrin, heparin, DNA, and actin. Fibronectins are involved in cell adhesion, cell motility, opsonization, wound healing, and maintenance of cell shape. Involved in osteoblast compaction through the fibronectin fibrillogenesis cell-mediated matrix assembly process, essential for osteoblast mineralization. Participates in the regulation of type I collagen deposition by osteoblasts.
35	5592	9606.ENSP00000363092	PRKG1	cGMP-dependent protein kinase 1; Serine/threonine protein kinase that acts as key mediator of the nitric oxide (NO)/cGMP signaling pathway. GMP binding activates PRKG1, which phosphorylates serines and threonines on many cellular proteins. Numerous protein targets for PRKG1 phosphorylation are implicated in modulating cellular calcium, but the contribution of each of these targets may vary substantially among cell types. Proteins that are phosphorylated by PRKG1 regulate platelet activation and adhesion, smooth muscle contraction, cardiac function, gene expression, feedback of the NO-s [...] 
36	389136	9606.ENSP00000381436	VGLL3	Transcription cofactor vestigial-like protein 3; May act as a specific coactivator for the mammalian TEFs.
37	7058	9606.ENSP00000355751	THBS2	Thrombospondin-2; Adhesive glycoprotein that mediates cell-to-cell and cell-to- matrix interactions. Ligand for CD36 mediating antiangiogenic properties.
38	23704	9606.ENSP00000281830	KCNE4	Potassium voltage-gated channel subfamily E member 4; Ancillary protein that assembles as a beta subunit with a voltage-gated potassium channel complex of pore-forming alpha subunits. Modulates the gating kinetics and enhances stability of the channel complex. May associate with KCNQ1/KVLTQ1 and inhibit potassium current; Belongs to the potassium channel KCNE family.
39	56917	9606.ENSP00000453307	MEIS3	Homeobox protein Meis3; Transcriptional regulator which directly modulates PDPK1 expression, thus promoting survival of pancreatic beta-cells. Also regulates expression of NDFIP1, BNIP3, and CCNG1.
40	140862	9606.ENSP00000262487	ISM1	Isthmin-1; Acts as an angiogenesis inhibitor. Belongs to the isthmin family.
41	81792	9606.ENSP00000422554	ADAMTS12	A disintegrin and metalloproteinase with thrombospondin motifs 12; Metalloprotease that may play a role in the degradation of COMP. Cleaves also alpha-2 macroglobulin and aggregan. Has anti- tumorigenic properties.
42	441631	9606.ENSP00000261177	TSPAN11	Tetraspanin-11; Tetraspanin 11.
43	84624	9606.ENSP00000297267	FNDC1	Fibronectin type III domain-containing protein 1; May be an activator of G protein signaling.
44	10234	9606.ENSP00000344242	LRRC17	Leucine-rich repeat-containing protein 17; Involved in bone homeostasis. Acts as a negative regulator of RANKL-induced osteoclast precursor differentiation from bone marrow precursors (By similarity).
45	4330	9606.ENSP00000304956	MN1	Transcriptional activator MN1; Transcriptional activator which specifically regulates expression of TBX22 in the posterior region of the developing palate. Required during later stages of palate development for growth and medial fusion of the palatal shelves. Promotes maturation and normal function of calvarial osteoblasts, including expression of the osteoclastogenic cytokine TNFSF11/RANKL. Necessary for normal development of the membranous bones of the skull (By similarity). May play a role in tumor suppression (Probable).
46	114794	9606.ENSP00000385277	ELFN2	Protein phosphatase 1 regulatory subunit 29; Inhibits phosphatase activity of protein phosphatase 1 (PP1) complexes.
47	11227	9606.ENSP00000259056	GALNT5	Polypeptide N-acetylgalactosaminyltransferase 5; Catalyzes the initial reaction in O-linked oligosaccharide biosynthesis, the transfer of an N-acetyl-D-galactosamine residue to a serine or threonine residue on the protein receptor. Has activity toward EA2 peptide substrate, but has a weak activity toward Muc2 or Muc1b substrates (By similarity).
48	5740	9606.ENSP00000244043	PTGIS	Prostacyclin synthase; Catalyzes the isomerization of prostaglandin H2 to prostacyclin (= prostaglandin I2).
49	57158	9606.ENSP00000362071	JPH2	Junctophilin-2 N-terminal fragment; [Junctophilin-2]: Membrane-binding protein that provides a structural bridge between the plasma membrane and the sarcoplasmic reticulum and is required for normal excitation-contraction coupling in cardiomyocytes. Provides a structural foundation for functional cross-talk between the cell surface and intracellular Ca(2+) release channels by maintaining the 12-15 nm gap between the sarcolemma and the sarcoplasmic reticulum membranes in the cardiac dyads (By similarity). Necessary for proper intracellular Ca(2+) signaling in cardiac myocytes via its in [...] 
50	8639	9606.ENSP00000312326	AOC3	Membrane primary amine oxidase; Cell adhesion protein that participates in lymphocyte extravasation and recirculation by mediating the binding of lymphocytes to peripheral lymph node vascular endothelial cells in an L-selectin- independent fashion. Has semicarbazide-sensitive (SSAO) monoamine oxidase activity. May play a role in adipogenesis.
51	80114	9606.ENSP00000362993	BICC1	Protein bicaudal C homolog 1; Putative RNA-binding protein. Acts as a negative regulator of Wnt signaling. May be involved in regulating gene expression during embryonic development.
52	9509	9606.ENSP00000251582	ADAMTS2	A disintegrin and metalloproteinase with thrombospondin motifs 2; Cleaves the propeptides of type I and II collagen prior to fibril assembly (By similarity). Does not act on type III collagen (By similarity). Cleaves lysyl oxidase LOX at a site downstream of its propeptide cleavage site to produce a short LOX form with reduced collagen-binding activity.
53	4969	9606.ENSP00000364711	OGN	Mimecan; Induces bone formation in conjunction with TGF-beta-1 or TGF- beta-2.
54	185	9606.ENSP00000398832	AGTR1	Type-1 angiotensin II receptor; Receptor for angiotensin II. Mediates its action by association with G proteins that activate a phosphatidylinositol- calcium second messenger system.
55	22801	9606.ENSP00000327290	ITGA11	Integrin alpha-11; Integrin alpha-11/beta-1 is a receptor for collagen.
56	54551	9606.ENSP00000497810	MAGEL2	MAGE-like protein 2; Probably enhances ubiquitin ligase activity of RING-type zinc finger-containing E3 ubiquitin-protein ligases, possibly through recruitment and/or stabilization of the Ubl-conjugating enzyme (E2) at the E3:substrate complex. Acts as a regulator of retrograde transport via its interaction with VPS35. Recruited to retromer-containing endosomes and promotes the formation of 'Lys-63'-linked polyubiquitin chains at 'Lys-220' of WASHC1 together with TRIM27, leading to promote endosomal F-actin assembly. Regulates the circadian clock by repressing the transcriptional activ [...] 
57	5054	9606.ENSP00000223095	SERPINE1	Plasminogen activator inhibitor 1; Serine protease inhibitor. Inhibits TMPRSS7. Is a primary inhibitor of tissue-type plasminogen activator (PLAT) and urokinase-type plasminogen activator (PLAU). As PLAT inhibitor, it is required for fibrinolysis down-regulation and is responsible for the controlled degradation of blood clots. As PLAU inhibitor, it is involved in the regulation of cell adhesion and spreading. Acts as a regulator of cell migration, independently of its role as protease inhibitor. It is required for stimulation of keratinocyte migration during cutaneous injury repair. It [...] 
58	8038	9606.ENSP00000357668	ADAM12	Disintegrin and metalloproteinase domain-containing protein 12; Involved in skeletal muscle regeneration, specifically at the onset of cell fusion. Also involved in macrophage-derived giant cells (MGC) and osteoclast formation from mononuclear precursors (By similarity).
59	340075	9606.ENSP00000333395	ARSI	Arylsulfatase I; Displays arylsulfatase activity at neutral pH, when co- expressed with SUMF1; arylsulfatase activity is measured in the secretion medium of retinal cell line, but no activity is recorded when measured in cell extracts.
60	4148	9606.ENSP00000383894	MATN3	Matrilin-3; Major component of the extracellular matrix of cartilage and may play a role in the formation of extracellular filamentous networks.
61	120114	9606.ENSP00000432586	FAT3	Protocadherin Fat 3; May play a role in the interactions between neurites derived from specific subsets of neurons during development.
62	8483	9606.ENSP00000261883	CILP	Cartilage intermediate layer protein 1 C1; Probably plays a role in cartilage scaffolding. May act by antagonizing TGF-beta1 (TGFB1) and IGF1 functions. Has the ability to suppress IGF1-induced proliferation and sulfated proteoglycan synthesis, and inhibits ligand-induced IGF1R autophosphorylation. May inhibit TGFB1-mediated induction of cartilage matrix genes via its interaction with TGFB1. Overexpression may lead to impair chondrocyte growth and matrix repair and indirectly promote inorganic pyrophosphate (PPi) supersaturation in aging and osteoarthritis cartilage.
63	387914	9606.ENSP00000313079	SHISA2	Protein shisa-2 homolog; Plays an essential role in the maturation of presomitic mesoderm cells by individual attenuation of both FGF and WNT signaling. Belongs to the shisa family.
64	4188	9606.ENSP00000230321	MDFI	MyoD family inhibitor; Inhibits the transactivation activity of the Myod family of myogenic factors and represses myogenesis. Acts by associating with Myod family members and retaining them in the cytoplasm by masking their nuclear localization signals. Can also interfere with the DNA- binding activity of Myod family members. Plays an important role in trophoblast and chondrogenic differentiation. Regulates the transcriptional activity of TCF7L1/TCF3 by interacting directly with TCF7L1/TCF3 and preventing it from binding DNA. Binds to the axin complex, resulting in an increase in the l [...] 
65	144347	9606.ENSP00000374377	RFLNA	Refilin-A; Involved in the regulation of the perinuclear actin network and nuclear shape through interaction with filamins. Plays an essential role in actin cytoskeleton formation in developing cartilaginous cells.
66	6424	9606.ENSP00000410715	SFRP4	Secreted frizzled-related protein 4; Soluble frizzled-related proteins (sFRPS) function as modulators of Wnt signaling through direct interaction with Wnts. They have a role in regulating cell growth and differentiation in specific cell types (By similarity). SFRP4 plays a role in bone morphogenesis. May also act as a regulator of adult uterine morphology and function. May also increase apoptosis during ovulation possibly through modulation of FZ1/FZ4/WNT4 signaling (By similarity). Has phosphaturic effects by specifically inhibiting sodium-dependent phosphate uptake.
67	5798	9606.ENSP00000295718	PTPRN	Receptor-type tyrosine-protein phosphatase-like N; Plays a role in vesicle-mediated secretory processes. Required for normal accumulation of secretory vesicles in hippocampus, pituitary and pancreatic islets (By similarity). Required for the accumulation of normal levels of insulin- containing vesicles and preventing their degradation. Plays a role in insulin secretion in response to glucose stimuli. Required for normal accumulation of the neurotransmitters norepinephrine, dopamine and serotonin in the brain (By similarity). In females, but not in males, required for normal accumulatio [...] 
68	23460	9606.ENSP00000284425	ABCA6	ATP-binding cassette sub-family A member 6; Probable transporter which may play a role in macrophage lipid homeostasis; Belongs to the ABC transporter superfamily. ABCA family.
69	170690	9606.ENSP00000274181	ADAMTS16	ADAM metallopeptidase with thrombospondin type 1 motif 16.
70	85409	9606.ENSP00000296849	NKD2	Protein naked cuticle homolog 2; Cell autonomous antagonist of the canonical Wnt signaling pathway. May activate a second Wnt signaling pathway that controls planar cell polarity (By similarity). Required for processing of TGFA and for targeting of TGFA to the basolateral membrane of polarized epithelial cells.
71	3624	9606.ENSP00000242208	INHBA	Inhibin beta A chain; Inhibins and activins inhibit and activate, respectively, the secretion of follitropin by the pituitary gland. Inhibins/activins are involved in regulating a number of diverse functions such as hypothalamic and pituitary hormone secretion, gonadal hormone secretion, germ cell development and maturation, erythroid differentiation, insulin secretion, nerve cell survival, embryonic axial development or bone growth, depending on their subunit composition. Inhibins appear to oppose the functions of activins; Belongs to the TGF-beta family.
72	79987	9606.ENSP00000363593	SVEP1	Sushi, von Willebrand factor type A, EGF and pentraxin domain-containing protein 1; May play a role in the cell attachment process.
73	6695	9606.ENSP00000378401	SPOCK1	Testican-1; May play a role in cell-cell and cell-matrix interactions. May contribute to various neuronal mechanisms in the central nervous system.
74	1038	9606.ENSP00000359563	CDR1	Cerebellar degeneration related protein 1.
75	84935	9606.ENSP00000369849	MEDAG	Mesenteric estrogen-dependent adipogenesis protein; Involved in processes that promote adipocyte differentiation, lipid accumulation, and glucose uptake in mature adipocytes.
76	10351	9606.ENSP00000467271	ABCA8	ATP-binding cassette sub-family A member 8; ATP-dependent lipophilic drug transporter.
77	56033	9606.ENSP00000253968	BARX1	Homeobox protein BarH-like 1; Transcription factor, which is involved in craniofacial development, in odontogenesis and in stomach organogenesis. May have a role in the differentiation of molars from incisors. Plays a role in suppressing endodermal Wnt activity (By similarity). Binds to a regulatory module of the NCAM promoter.
78	131578	9606.ENSP00000413707	LRRC15	Leucine-rich repeat-containing protein 15; Leucine rich repeat containing 15.
79	8913	9606.ENSP00000352011	CACNA1G	Voltage-dependent T-type calcium channel subunit alpha-1G; Voltage-sensitive calcium channels (VSCC) mediate the entry of calcium ions into excitable cells and are also involved in a variety of calcium-dependent processes, including muscle contraction, hormone or neurotransmitter release, gene expression, cell motility, cell division and cell death. The isoform alpha-1G gives rise to T-type calcium currents. T-type calcium channels belong to the 'low-voltage activated (LVA)' group and are strongly blocked by mibefradil. A particularity of this type of channel is an opening at quite neg [...] 
80	5789	9606.ENSP00000370593	PTPRD	Receptor-type tyrosine-protein phosphatase delta; Can bidirectionally induce pre- and post-synaptic differentiation of neurons by mediating interaction with IL1RAP and IL1RAPL1 trans-synaptically. Involved in pre-synaptic differentiation through interaction with SLITRK2; Belongs to the protein-tyrosine phosphatase family. Receptor class 2A subfamily.
81	63895	9606.ENSP00000421377	PIEZO2	Piezo-type mechanosensitive ion channel component 2; Component of a mechanosensitive channel required for rapidly adapting mechanically activated (MA) currents. Required for Merkel-cell mechanotransduction. Plays a major role in light-touch mechanosensation.
82	5346	9606.ENSP00000300055	PLIN1	Perilipin-1; Modulator of adipocyte lipid metabolism. Coats lipid storage droplets to protect them from breakdown by hormone-sensitive lipase (HSL). Its absence may result in leanness. Plays a role in unilocular lipid droplet formation by activating CIDEC. Their interaction promotes lipid droplet enlargement and directional net neutral lipid transfer. May modulate lipolysis and triglyceride levels. Belongs to the perilipin family.
83	9464	9606.ENSP00000352565	HAND2	Heart- and neural crest derivatives-expressed protein 2; Essential for cardiac morphogenesis, particularly for the formation of the right ventricle and of the aortic arch arteries. Required for vascular development and regulation of angiogenesis, possibly through a VEGF signaling pathway. Plays also an important role in limb development, particularly in the establishment of anterior- posterior polarization, acting as an upstream regulator of sonic hedgehog (SHH) induction in the limb bud. Is involved in the development of branchial arches, which give rise to unique structures in the he [...] 
84	4958	9606.ENSP00000364700	OMD	Osteomodulin; May be implicated in biomineralization processes. Has a function in binding of osteoblasts via the alpha(V)beta(3)-integrin (By similarity).
85	8839	9606.ENSP00000361959	CCN5	CCN family member 5; May play an important role in modulating bone turnover. Promotes the adhesion of osteoblast cells and inhibits the binding of fibrinogen to integrin receptors. In addition, inhibits osteocalcin production; Belongs to the CCN family.
86	54829	9606.ENSP00000364694	ASPN	Asporin; Negatively regulates periodontal ligament (PDL) differentiation and mineralization to ensure that the PDL is not ossified and to maintain homeostasis of the tooth-supporting system. Inhibits BMP2-induced cytodifferentiation of PDL cells by preventing its binding to BMPR1B/BMP type-1B receptor, resulting in inhibition of BMP-dependent activation of SMAD proteins (By similarity). Critical regulator of TGF-beta in articular cartilage and plays an essential role in cartilage homeostasis and osteoarthritis (OA) pathogenesis. Negatively regulates chondrogenesis in the articular cart [...] 
87	115701	9606.ENSP00000354991	ALPK2	Alpha-protein kinase 2; Protein kinase that recognizes phosphorylation sites in which the surrounding peptides have an alpha-helical conformation. Regulates cardiac development and cardiomyocyte differentiation by negatively regulating Wnt/beta-catenin signaling ; Belongs to the protein kinase superfamily. Alpha-type protein kinase family. ALPK subfamily.
88	79776	9606.ENSP00000498627	ZFHX4	Zinc finger homeobox protein 4; May play a role in neural and muscle differentiation (By similarity). May be involved in transcriptional regulation.
89	64388	9606.ENSP00000318650	GREM2	Gremlin-2; Cytokine that inhibits the activity of BMP2 and BMP4 in a dose-dependent manner, and thereby modulates signaling by BMP family members. Contributes to the regulation of embryonic morphogenesis via BMP family members. Antagonizes BMP4-induced suppression of progesterone production in granulosa cells.
90	51050	9606.ENSP00000260113	PI15	Peptidase inhibitor 15; Serine protease inhibitor which displays weak inhibitory activity against trypsin. May play a role in facial patterning during embryonic development (By similarity). Belongs to the CRISP family.
91	56603	9606.ENSP00000001146	CYP26B1	Cytochrome P450 26B1; Involved in the metabolism of retinoic acid (RA), rendering this classical morphogen inactive through oxidation. Involved in the specific inactivation of all-trans-retinoic acid (all-trans-RA), with a preference for the following substrates: all-trans-RA > 9-cis-RA > 13- cis-RA. Generates several hydroxylated forms of RA, including 4-OH-RA, 4-oxo-RA, and 18-OH-RA. Catalyzes the hydroxylation of carbon hydrogen bonds of atRA primarily at C-4. Essential for postnatal survival. Plays a central role in germ cell development: acts by degrading RA in the developing test [...] 
92	84432	9606.ENSP00000271331	PROK1	Prokineticin-1; Potently contracts gastrointestinal (GI) smooth muscle. Induces proliferation, migration and fenestration (the formation of membrane discontinuities) in capillary endothelial cells derived from endocrine glands. Has little or no effect on a variety of other endothelial and non-endothelial cell types. Induces proliferation and differentiation, but not migration, of enteric neural crest cells. Directly influences neuroblastoma progression by promoting the proliferation and migration of neuroblastoma cells. Positively regulates PTGS2 expression and prostaglandin synthesis. [...] 
93	50614	9606.ENSP00000329846	GALNT9	Polypeptide N-acetylgalactosaminyltransferase 9; Catalyzes the initial reaction in O-linked oligosaccharide biosynthesis, the transfer of an N-acetyl-D-galactosamine residue to a serine or threonine residue on the protein receptor. Does not glycosylate apomucin or SDC3; Belongs to the glycosyltransferase 2 family. GalNAc-T subfamily.
94	6423	9606.ENSP00000274063	SFRP2	Secreted frizzled-related protein 2; Soluble frizzled-related proteins (sFRPS) function as modulators of Wnt signaling through direct interaction with Wnts. They have a role in regulating cell growth and differentiation in specific cell types. SFRP2 may be important for eye retinal development and for myogenesis.
95	72	9606.ENSP00000386857	ACTG2	Actin, gamma-enteric smooth muscle, intermediate form; Actins are highly conserved proteins that are involved in various types of cell motility and are ubiquitously expressed in all eukaryotic cells; Belongs to the actin family.
96	7379	9606.ENSP00000264031	UPK2	Uroplakin-2; Component of the asymmetric unit membrane (AUM); a highly specialized biomembrane elaborated by terminally differentiated urothelial cells. May play an important role in regulating the assembly of the AUM (By similarity).
97	579	9606.ENSP00000371875	NKX3-2	Homeobox protein Nkx-3.2; Transcriptional repressor that acts as a negative regulator of chondrocyte maturation. PLays a role in distal stomach development; required for proper antral-pyloric morphogenesis and development of antral-type epithelium. In concert with GSC, defines the structural components of the middle ear; required for tympanic ring and gonium development and in the regulation of the width of the malleus (By similarity); Belongs to the NK-3 homeobox family.
98	5396	9606.ENSP00000239461	PRRX1	Paired mesoderm homeobox protein 1; Acts as a transcriptional regulator of muscle creatine kinase (MCK) and so has a role in the establishment of diverse mesodermal muscle types. The protein binds to an A/T-rich element in the muscle creatine enhancer (By similarity); Belongs to the paired homeobox family.
99	26153	9606.ENSP00000388241	KIF26A	Kinesin-like protein KIF26A; Atypical kinesin that plays a key role in enteric neuron development. Acts by repressing a cell growth signaling pathway in the enteric nervous system development, possibly via its interaction with GRB2 that prevents GRB2-binding to SHC, thereby attenating the GDNF-Ret signaling. Binds to microtubules but lacks microtubule-based motility due to the absence of ATPase activity (By similarity); Belongs to the TRAFAC class myosin-kinesin ATPase superfamily. Kinesin family. KIF26 subfamily.
100	1592	9606.ENSP00000224356	CYP26A1	Cytochrome P450 26A1; A cytochrome P450 monooxygenase involved in the metabolism of all-trans retinoic acid (atRA), a signaling molecule that binds to retinoic acid receptors and regulates gene transcription. Mechanistically, uses molecular oxygen inserting one oxygen atom into a substrate, and reducing the second into a water molecule, with two electrons provided by NADPH via cytochrome P450 reductase (CPR; NADPH- ferrihemoprotein reductase). Catalyzes the hydroxylation of carbon hydrogen bonds of atRA primarily at C-4 and C-18. Has no activity toward 9-cis and 13-cis retinoic acid st [...] 
101	164312	9606.ENSP00000368135	LRRN4	Leucine-rich repeat neuronal protein 4; May play an important role in hippocampus-dependent long- lasting memory.
102	1301	9606.ENSP00000359114	COL11A1	Collagen alpha-1(XI) chain; May play an important role in fibrillogenesis by controlling lateral growth of collagen II fibrils.
103	27063	9606.ENSP00000360762	ANKRD1	Ankyrin repeat domain-containing protein 1; May play an important role in endothelial cell activation. May act as a nuclear transcription factor that negatively regulates the expression of cardiac genes. Induction seems to be correlated with apoptotic cell death in hepatoma cells.
104	6358	9606.ENSP00000479097	CCL14	C-C motif chemokine 14; Has weak activities on human monocytes and acts via receptors that also recognize MIP-1 alpha. It induces intracellular Ca(2+) changes and enzyme release, but no chemotaxis, at concentrations of 100-1,000 nM, and is inactive on T-lymphocytes, neutrophils, and eosinophil leukocytes. Enhances the proliferation of CD34 myeloid progenitor cells. The processed form HCC-1(9-74) is a chemotactic factor that attracts monocytes, eosinophils, and T-cells and is a ligand for CCR1, CCR3 and CCR5; Belongs to the intercrine beta (chemokine CC) family.
105	65266	9606.ENSP00000246914	WNK4	Serine/threonine-protein kinase WNK4; Serine/threonine kinase which plays an important role in the regulation of electrolyte homeostasis, cell signaling, survival and proliferation. Acts as an activator and inhibitor of sodium-coupled chloride cotransporters and potassium-coupled chloride cotransporters respectively. Activates SCNN1A, SCNN1B, SCNN1D, SGK1, TRPV5 and TRPV6. Regulates the activity of the thiazide-sensitive Na-Cl cotransporter, SLC12A3, by phosphorylation which appears to prevent membrane trafficking of SLC12A3. Also inhibits the renal K(+) channel, KCNJ1, via a kinase-in [...] 
106	9547	9606.ENSP00000337065	CXCL14	C-X-C motif chemokine 14; Potent chemoattractant for neutrophils, and weaker for dendritic cells. Not chemotactic for T-cells, B-cells, monocytes, natural killer cells or granulocytes. Does not inhibit proliferation of myeloid progenitors in colony formation assays.
107	114784	9606.ENSP00000362479	CSMD2	CUB and Sushi multiple domains 2.
108	1300	9606.ENSP00000327368	COL10A1	Collagen alpha-1(X) chain; Type X collagen is a product of hypertrophic chondrocytes and has been localized to presumptive mineralization zones of hyaline cartilage.
109	2949	9606.ENSP00000256593	GSTM5	Glutathione S-transferase Mu 5; Conjugation of reduced glutathione to a wide number of exogenous and endogenous hydrophobic electrophiles.
110	8013	9606.ENSP00000482027	NR4A3	Nuclear receptor subfamily 4 group A member 3; Transcriptional activator that binds to regulatory elements in promoter regions in a cell- and response element (target)-specific manner. Induces gene expression by binding as monomers to the NR4A1 response element (NBRE) 5'-AAAAGGTCA-3' site and as homodimers to the Nur response element (NurRE) site in the promoter of their regulated target genes (By similarity). Plays a role in the regulation of proliferation, survival and differentiation of many different cell types and also in metabolism and inflammation. Mediates proliferation of vasc [...] 
111	84620	9606.ENSP00000386942	ST6GAL2	Beta-galactoside alpha-2,6-sialyltransferase 2; Transfers sialic acid from the donor of substrate CMP-sialic acid to galactose containing acceptor substrates. Has alpha-2,6- sialyltransferase activity toward oligosaccharides that have the Gal- beta-1,4-GlcNAc sequence at the non-reducing end of their carbohydrate groups, but it has weak or no activities toward glycoproteins and glycolipids; Belongs to the glycosyltransferase 29 family.
112	7857	9606.ENSP00000304133	SCG2	Secretogranin-2; Neuroendocrine protein of the granin family that regulates the biogenesis of secretory granules.
113	63976	9606.ENSP00000270722	PRDM16	Histone-lysine N-methyltransferase PRDM16; Binds DNA and functions as a transcriptional regulator. Displays histone methyltransferase activity and monomethylates 'Lys-9' of histone H3 (H3K9me1) in vitro (By similarity). Probably catalyzes the monomethylation of free histone H3 in the cytoplasm which is then transported to the nucleus and incorporated into nucleosomes where SUV39H methyltransferases use it as a substrate to catalyze histone H3 'Lys-9' trimethylation (By similarity). Likely to be one of the primary histone methyltransferases along with MECOM/PRDM3 that direct cytoplasmic [...] 
114	79625	9606.ENSP00000369014	NDNF	Protein NDNF; Promotes matrix assembly and cell adhesiveness (By similarity). Promotes neuron migration, growth and survival as well as neurite outgrowth. Promotes endothelial cell survival, vessel formation and plays an important role in the process of revascularization through NOS3-dependent mechanisms.
115	2670	9606.ENSP00000253408	GFAP	Glial fibrillary acidic protein; GFAP, a class-III intermediate filament, is a cell-specific marker that, during the development of the central nervous system, distinguishes astrocytes from other glial cells.
116	4239	9606.ENSP00000378957	MFAP4	Microfibril-associated glycoprotein 4; Could be involved in calcium-dependent cell adhesion or intercellular interactions. May contribute to the elastic fiber assembly and/or maintenance.
117	223117	9606.ENSP00000284136	SEMA3D	Semaphorin-3D; Induces the collapse and paralysis of neuronal growth cones. Could potentially act as repulsive cues toward specific neuronal populations. Binds to neuropilin (By similarity).
118	10699	9606.ENSP00000273857	CORIN	Atrial natriuretic peptide-converting enzyme, activated protease fragment; Serine-type endopeptidase involved in atrial natriuretic peptide hormone (NPPA) processing. Converts through proteolytic cleavage the non-functional propeptide NPPA into the active hormone, thereby regulating blood pressure in heart and promoting natriuresis, diuresis and vasodilation. Proteolytic cleavage of pro-NPPA also plays a role in female pregnancy by promoting trophoblast invasion and spiral artery remodeling in uterus. Also acts as a regulator of sodium reabsorption in kidney. May also process pro-NPPB  [...] 
119	9068	9606.ENSP00000234816	ANGPTL1	Angiopoietin-related protein 1; Angiopoietin like 1.
120	2191	9606.ENSP00000188790	FAP	Antiplasmin-cleaving enzyme FAP, soluble form; Cell surface glycoprotein serine protease that participates in extracellular matrix degradation and involved in many cellular processes including tissue remodeling, fibrosis, wound healing, inflammation and tumor growth. Both plasma membrane and soluble forms exhibit post-proline cleaving endopeptidase activity, with a marked preference for Ala/Ser-Gly-Pro-Ser/Asn/Ala consensus sequences, on substrate such as alpha-2-antiplasmin SERPINF2 and SPRY2. Degrade also gelatin, heat-denatured type I collagen, but not native collagen type I and IV, [...] 
121	340146	9606.ENSP00000333591	SLC35D3	Solute carrier family 35 member D3; May play a role in hemostasis as a regulator of the biosynthesis of platelet-dense granules; Belongs to the TPT transporter family. SLC35D subfamily.
122	4804	9606.ENSP00000172229	NGFR	Tumor necrosis factor receptor superfamily member 16; Low affinity receptor which can bind to NGF, BDNF, NTF3, and NTF4. Forms a heterodimeric receptor with SORCS2 that binds the precursor forms of NGF, BDNF and NTF3 with high affinity, and has much lower affinity for mature NGF and BDNF. Plays an important role in differentiation and survival of specific neuronal populations during development (By similarity). Can mediate cell survival as well as cell death of neural cells. Plays a role in the inactivation of RHOA. Plays a role in the regulation of the translocation of GLUT4 to the ce [...] 
123	9358	9606.ENSP00000365351	ITGBL1	Integrin subunit beta like 1.
124	23237	9606.ENSP00000349022	ARC	Activity-regulated cytoskeleton-associated protein; Master regulator of synaptic plasticity that self-assembles into virion-like capsids that encapsulate RNAs and mediate intercellular RNA transfer in the nervous system. ARC protein is released from neurons in extracellular vesicles that mediate the transfer of ARC mRNA into new target cells, where ARC mRNA can undergo activity-dependent translation. ARC capsids are endocytosed and are able to transfer ARC mRNA into the cytoplasm of neurons. Acts as a key regulator of synaptic plasticity: required for protein synthesis- dependent forms [...] 
125	54905	9606.ENSP00000310149	CYP2W1	Cytochrome P450 2W1; Seems to have broad catalytic activity towards several chemicals, including polycyclic aromatic hydrocarbon dihydrodiols and aromatic amines. Active also in the metabolism of indoline substrates and is able to activate aflatoxin B1 into cytotoxic products. Furthermore, it seems to be involved in the oxydation of lysophospholipids and fatty acids. Belongs to the cytochrome P450 family.
126	4045	9606.ENSP00000419000	LSAMP	Limbic system-associated membrane protein; Mediates selective neuronal growth and axon targeting. Contributes to the guidance of developing axons and remodeling of mature circuits in the limbic system. Essential for normal growth of the hyppocampal mossy fiber projection (By similarity); Belongs to the immunoglobulin superfamily. IgLON family.
127	10642	9606.ENSP00000290341	IGF2BP1	Insulin-like growth factor 2 mRNA-binding protein 1; RNA-binding factor that recruits target transcripts to cytoplasmic protein-RNA complexes (mRNPs). This transcript 'caging' into mRNPs allows mRNA transport and transient storage. It also modulates the rate and location at which target transcripts encounter the translational apparatus and shields them from endonuclease attacks or microRNA-mediated degradation. Plays a direct role in the transport and translation of transcripts required for axonal regeneration in adult sensory neurons (By similarity). Regulates localized beta- actin/AC [...] 
128	4629	9606.ENSP00000379616	MYH11	Myosin-11; Muscle contraction; Belongs to the TRAFAC class myosin-kinesin ATPase superfamily. Myosin family.
129	8076	9606.ENSP00000352455	MFAP5	Microfibrillar-associated protein 5; May play a role in hematopoiesis. In the cardiovascular system, could regulate growth factors or participate in cell signaling in maintaining large vessel integrity (By similarity). Component of the elastin-associated microfibrils.
130	84466	9606.ENSP00000423354	MEGF10	Multiple epidermal growth factor-like domains protein 10; Membrane receptor involved in phagocytosis by macrophages and astrocytes of apoptotic cells. Receptor for C1q, an eat-me signal, that binds phosphatidylserine expressed on the surface of apoptotic cells. Cooperates with ABCA1 within the process of engulfment. Promotes the formation of large intracellular vacuoles and may be responsible for the uptake of amyloid-beta peptides. Necessary for astrocyte-dependent apoptotic neuron clearance in the developing cerebellum. Plays role in muscle cell proliferation, adhesion and motility.  [...] 
131	5350	9606.ENSP00000350132	PLN	Cardiac phospholamban; Reversibly inhibits the activity of ATP2A2 in cardiac sarcoplasmic reticulum by decreasing the apparent affinity of the ATPase for Ca(2+). Modulates the contractility of the heart muscle in response to physiological stimuli via its effects on ATP2A2. Modulates calcium re-uptake during muscle relaxation and plays an important role in calcium homeostasis in the heart muscle. The degree of ATP2A2 inhibition depends on the oligomeric state of PLN. ATP2A2 inhibition is alleviated by PLN phosphorylation; Belongs to the phospholamban family.
132	1299	9606.ENSP00000496793	COL9A3	Collagen alpha-3(IX) chain; Structural component of hyaline cartilage and vitreous of the eye.
133	108	9606.ENSP00000342952	ADCY2	Adenylate cyclase type 2; Catalyzes the formation of the signaling molecule cAMP in response to G-protein signaling. Down-stream signaling cascades mediate changes in gene expression patterns and lead to increased IL6 production. Functions in signaling cascades downstream of the muscarinic acetylcholine receptors (By similarity). Belongs to the adenylyl cyclase class-4/guanylyl cyclase family.
134	257194	9606.ENSP00000350364	NEGR1	Neuronal growth regulator 1; May be involved in cell-adhesion. May function as a trans- neural growth-promoting factor in regenerative axon sprouting in the mammalian brain (By similarity); Belongs to the immunoglobulin superfamily. IgLON family.
135	90019	9606.ENSP00000371394	SYT8	Synaptotagmin-8; Isoform 4 may play a role in the trafficking and exocytosis of secretory vesicles in non-neuronal tissues. Mediates Ca(2+)- regulation of exocytosis acrosomal reaction in sperm. May mediate Ca(2+)-regulation of exocytosis in insulin secreted cells (By similarity); Belongs to the synaptotagmin family.
136	1311	9606.ENSP00000222271	COMP	Cartilage oligomeric matrix protein; May play a role in the structural integrity of cartilage via its interaction with other extracellular matrix proteins such as the collagens and fibronectin. Can mediate the interaction of chondrocytes with the cartilage extracellular matrix through interaction with cell surface integrin receptors. Could play a role in the pathogenesis of osteoarthritis. Potent suppressor of apoptosis in both primary chondrocytes and transformed cells. Suppresses apoptosis by blocking the activation of caspase-3 and by inducing the IAP family of survival proteins (BI [...] 
137	6899	9606.ENSP00000331791	TBX1	T-box transcription factor TBX1; Probable transcriptional regulator involved in developmental processes. Is required for normal development of the pharyngeal arch arteries (By similarity).
138	6332	9606.ENSP00000496114	SCN7A	Sodium channel protein type 7 subunit alpha; Mediates the voltage-dependent sodium ion permeability of excitable membranes. Assuming opened or closed conformations in response to the voltage difference across the membrane, the protein forms a sodium-selective channel through which Na(+) ions may pass in accordance with their electrochemical gradient.
139	57537	9606.ENSP00000422185	SORCS2	VPS10 domain-containing receptor SorCS2; The heterodimer formed by NGFR and SORCS2 functions as receptor for the precursor forms of NGF (proNGF) and BDNF (proBDNF). ProNGF and proBDNF binding both promote axon growth cone collapse (in vitro). Plays a role in the regulation of dendritic spine density in hippocampus neurons (By similarity). Required for normal neurite branching and extension in response to BDNF. Plays a role in BDNF-dependent hippocampal synaptic plasticity. Together with NGFR and NTRK2, is required both for BDNF-mediated synaptic long-term depression and long-term poten [...] 
140	64399	9606.ENSP00000296575	HHIP	Hedgehog-interacting protein; Modulates hedgehog signaling in several cell types including brain and lung through direct interaction with members of the hedgehog family; Belongs to the HHIP family.
141	1359	9606.ENSP00000296046	CPA3	Carboxypeptidase A3.
142	219348	9606.ENSP00000361337	PLAC9	Placenta-specific protein 9; Placenta associated 9; Belongs to the PLAC9 family.
143	342897	9606.ENSP00000342137	NCCRP1	F-box only protein 50; Promotes cell proliferation.
144	55714	9606.ENSP00000424226	TENM3	Teneurin-3; Involved in neural development by regulating the establishment of proper connectivity within the nervous system. Acts in both pre- and postsynaptic neurons in the hippocampus to control the assembly of a precise topographic projection: required in both CA1 and subicular neurons for the precise targeting of proximal CA1 axons to distal subiculum, probably by promoting homophilic cell adhesion. Required for proper dendrite morphogenesis and axon targeting in the vertebrate visual system, thereby playing a key role in the development of the visual pathway. Regulates the format [...] 
145	56301	9606.ENSP00000253188	SLC7A10	Asc-type amino acid transporter 1; Sodium-independent, high affinity transport of small neutral D- and L-amino acids. May play a role in the modulation of glutamatergic transmission through mobilization of D-serine at the glutamatergic synapse; Belongs to the amino acid-polyamine-organocation (APC) superfamily.
146	25928	9606.ENSP00000304930	SOSTDC1	Sclerostin domain-containing protein 1; May be involved in the onset of endometrial receptivity for implantation/sensitization for the decidual cell reaction Enhances Wnt signaling and inhibits TGF-beta signaling (By similarity). Directly antagonizes activity of BMP2, BMP4, BMP6 and BMP7 in a dose-dependent manner.
147	5737	9606.ENSP00000359793	PTGFR	Prostaglandin F2-alpha receptor; Receptor for prostaglandin F2-alpha (PGF2-alpha). The activity of this receptor is mediated by G proteins which activate a phosphatidylinositol-calcium second messenger system. Initiates luteolysis in the corpus luteum (By similarity). Isoforms 2 to 7 do not bind PGF2-alpha but are proposed to modulate signaling by participating in variant receptor complexes; heterodimers between isoform 1 and isoform 5 are proposed to be a receptor for prostamides including the synthetic analog bimatoprost.
148	482	9606.ENSP00000250111	ATP1B2	Sodium/potassium-transporting ATPase subunit beta-2; This is the non-catalytic component of the active enzyme, which catalyzes the hydrolysis of ATP coupled with the exchange of Na(+) and K(+) ions across the plasma membrane. The exact function of the beta-2 subunit is not known.
149	10216	9606.ENSP00000399679	PRG4	Proteoglycan 4 C-terminal part; Plays a role in boundary lubrication within articulating joints. Prevents protein deposition onto cartilage from synovial fluid by controlling adhesion-dependent synovial growth and inhibiting the adhesion of synovial cells to the cartilage surface.
150	415	9606.ENSP00000500220	ARSL	Arylsulfatase L; May be essential for the correct composition of cartilage and bone matrix during development. Has no activity toward steroid sulfates.
151	1280	9606.ENSP00000369889	COL2A1	Collagen alpha-1(II) chain; Type II collagen is specific for cartilaginous tissues. It is essential for the normal embryonic development of the skeleton, for linear growth and for the ability of cartilage to resist compressive forces.
152	1943	9606.ENSP00000215368	EFNA2	Ephrin-A2; Cell surface GPI-bound ligand for Eph receptors, a family of receptor tyrosine kinases which are crucial for migration, repulsion and adhesion during neuronal, vascular and epithelial development. Binds promiscuously Eph receptors residing on adjacent cells, leading to contact-dependent bidirectional signaling into neighboring cells. The signaling pathway downstream of the receptor is referred to as forward signaling while the signaling pathway downstream of the ephrin ligand is referred to as reverse signaling. With the EPHA2 receptor may play a role in bone remodeling thro [...] 
153	7140	9606.ENSP00000370975	TNNT3	Troponin T, fast skeletal muscle; Troponin T is the tropomyosin-binding subunit of troponin, the thin filament regulatory complex which confers calcium-sensitivity to striated muscle actomyosin ATPase activity.
154	136227	9606.ENSP00000318234	COL26A1	Collagen type XXVI alpha 1 chain.
155	9370	9606.ENSP00000389814	ADIPOQ	Adiponectin; Important adipokine involved in the control of fat metabolism and insulin sensitivity, with direct anti-diabetic, anti-atherogenic and anti-inflammatory activities. Stimulates AMPK phosphorylation and activation in the liver and the skeletal muscle, enhancing glucose utilization and fatty-acid combustion. Antagonizes TNF-alpha by negatively regulating its expression in various tissues such as liver and macrophages, and also by counteracting its effects. Inhibits endothelial NF-kappa-B signaling through a cAMP-dependent pathway. May play a role in cell growth, angiogenesis  [...] 
156	125	9606.ENSP00000306606	ADH1B	All-trans-retinol dehydrogenase [NAD(+)] ADH1B; Catalyzes the NAD-dependent oxidation of all-trans-retinol and its derivatives such as all-trans-4-hydroxyretinol and may participate to retinoid metabolism. In vitro can also catalyzes the NADH-dependent reduction of all-trans- retinal and its derivatives such as all-trans-4-oxoretinal. Catalyzes in the oxidative direction with higher efficiency. Has the same affinity for all-trans-4-hydroxyretinol and all-trans-4-oxoretinal.
157	9244	9606.ENSP00000376188	CRLF1	Cytokine receptor-like factor 1; In complex with CLCF1, forms a heterodimeric neurotropic cytokine that plays a crucial role during neuronal development (Probable). May also play a regulatory role in the immune system.
158	2304	9606.ENSP00000364265	FOXE1	Forkhead box protein E1; Transcription factor that binds consensus sites on a variety of gene promoters and activate their transcription. Involved in proper palate formation, most probably through the expression of MSX1 and TGFB3 genes which are direct targets of this transcription factor. Also implicated in thyroid gland morphogenesis. May indirectly play a role in cell growth and migration through the regulation of WNT5A expression.
159	1749	9606.ENSP00000498116	DLX5	Homeobox protein DLX-5; Transcriptional factor involved in bone development. Acts as an immediate early BMP-responsive transcriptional activator essential for osteoblast differentiation. Stimulates ALPL promoter activity in a RUNX2-independent manner during osteoblast differentiation. Stimulates SP7 promoter activity during osteoblast differentiation. Promotes cell proliferation by up-regulating MYC promoter activity. Involved as a positive regulator of both chondrogenesis and chondrocyte hypertrophy in the endochondral skeleton. Binds to the homeodomain-response element of the ALPL an [...] 
160	1805	9606.ENSP00000356791	DPT	Dermatopontin; Seems to mediate adhesion by cell surface integrin binding. May serve as a communication link between the dermal fibroblast cell surface and its extracellular matrix environment. Enhances TGFB1 activity. Inhibits cell proliferation. Accelerates collagen fibril formation, and stabilizes collagen fibrils against low-temperature dissociation (By similarity).
161	1833	9606.ENSP00000261172	EPYC	Epiphycan; May have a role in bone formation and also in establishing the ordered structure of cartilage through matrix organization; Belongs to the small leucine-rich proteoglycan (SLRP) family. SLRP class III subfamily.
162	3036	9606.ENSP00000222115	HAS1	Hyaluronan synthase 1; Catalyzes the addition of GlcNAc or GlcUA monosaccharides to the nascent hyaluronan polymer. Therefore, it is essential to hyaluronan synthesis a major component of most extracellular matrices that has a structural role in tissues architectures and regulates cell adhesion, migration and differentiation. This is one of the isozymes catalyzing that reaction. Also able to catalyze the synthesis of chito- oligosaccharide depending on the substrate (By similarity). Belongs to the NodC/HAS family.
163	10631	9606.ENSP00000369071	POSTN	Periostin; Induces cell attachment and spreading and plays a role in cell adhesion. Enhances incorporation of BMP1 in the fibronectin matrix of connective tissues, and subsequent proteolytic activation of lysyl oxidase LOX (By similarity).
164	5320	9606.ENSP00000383364	PLA2G2A	Phospholipase A2, membrane associated; Catalyzes the calcium-dependent hydrolysis of the 2-acyl groups in 3-sn-phosphoglycerides. Thought to participate in the regulation of phospholipid metabolism in biomembranes including eicosanoid biosynthesis. Independent of its catalytic activity, acts as a ligand for integrins. Binds to and activates integrins ITGAV:ITGB3, ITGA4:ITGB1 and ITGA5:ITGB1. Binds to a site (site 2) which is distinct from the classical ligand-binding site (site 1) and induces integrin conformational changes and enhanced ligand binding to site 1. Induces cell proliferat [...] 
165	40	9606.ENSP00000225823	ASIC2	Acid-sensing ion channel 2; Cation channel with high affinity for sodium, which is gated by extracellular protons and inhibited by the diuretic amiloride. Also permeable for Li(+) and K(+). Generates a biphasic current with a fast inactivating and a slow sustained phase. Heteromeric channel assembly seems to modulate.
166	653145	9606.ENSP00000478026	ANXA8	Annexin A8.
167	477	9606.ENSP00000354490	ATP1A2	Sodium/potassium-transporting ATPase subunit alpha-2; This is the catalytic component of the active enzyme, which catalyzes the hydrolysis of ATP coupled with the exchange of sodium and potassium ions across the plasma membrane. This action creates the electrochemical gradient of sodium and potassium, providing the energy for active transport of various nutrients; Belongs to the cation transport ATPase (P-type) (TC 3.A.3) family. Type IIC subfamily.
168	6496	9606.ENSP00000260653	SIX3	Homeobox protein SIX3; Transcriptional regulator which can act as both a transcriptional repressor and activator by binding a ATTA homeodomain core recognition sequence on these target genes. During forebrain development represses WNT1 expression allowing zona limitans intrathalamica formation and thereby ensuring proper anterio-posterior patterning of the diencephalon and formation of the rostral diencephalon. Acts as a direct upstream activator of SHH expression in the rostral diencephalon ventral midline and that in turn SHH maintains its expression. In addition, Six3 activity is re [...] 
169	27087	9606.ENSP00000433847	B3GAT1	Galactosylgalactosylxylosylprotein 3-beta-glucuronosyltransferase 1; Involved in the biosynthesis of L2/HNK-1 carbohydrate epitope on glycoproteins. Can also play a role in glycosaminoglycan biosynthesis. Substrates include asialo-orosomucoid (ASOR), asialo- fetuin, and asialo-neural cell adhesion molecule. Requires sphingomyelin for activity: stearoyl-sphingomyelin was the most effective, followed by palmitoyl-sphingomyelin and lignoceroyl- sphingomyelin. Activity was demonstrated only for sphingomyelin with a saturated fatty acid and not for that with an unsaturated fatty acid, regar [...] 
170	2248	9606.ENSP00000334122	FGF3	Fibroblast growth factor 3; Plays an important role in the regulation of embryonic development, cell proliferation, and cell differentiation. Required for normal ear development; Belongs to the heparin-binding growth factors family.
171	1469	9606.ENSP00000305731	CST1	Cystatin-SN; Human saliva appears to contain several cysteine proteinase inhibitors that are immunologically related to cystatin S but that differ in their specificity due to amino acid sequence differences. Cystatin SN, with a pI of 7.5, is a much better inhibitor of papain and dipeptidyl peptidase I than is cystatin S, although both inhibit ficin equally well.
172	4685	9606.ENSP00000383392	NCAM2	Neural cell adhesion molecule 2; May play important roles in selective fasciculation and zone- to-zone projection of the primary olfactory axons.
173	2571	9606.ENSP00000350928	GAD1	Glutamate decarboxylase 1; Catalyzes the production of GABA.
174	131873	9606.ENSP00000351310	COL6A6	Collagen alpha-6(VI) chain; Collagen VI acts as a cell-binding protein.
175	2312	9606.ENSP00000357789	FLG	Filaggrin; Aggregates keratin intermediate filaments and promotes disulfide-bond formation among the intermediate filaments during terminal differentiation of mammalian epidermis.
176	2167	9606.ENSP00000256104	FABP4	Fatty acid-binding protein, adipocyte; Lipid transport protein in adipocytes. Binds both long chain fatty acids and retinoic acid. Delivers long-chain fatty acids and retinoic acid to their cognate receptors in the nucleus. Belongs to the calycin superfamily. Fatty-acid binding protein (FABP) family.
177	8581	9606.ENSP00000301263	LY6D	Lymphocyte antigen 6D; May act as a specification marker at earliest stage specification of lymphocytes between B- and T-cell development. Marks the earliest stage of B-cell specification.
178	8854	9606.ENSP00000249750	ALDH1A2	Retinal dehydrogenase 2; Converts retinaldehyde to retinoic acid. Recognizes as substrates free retinal and cellular retinol-binding protein-bound retinal. Can metabolize octanal and decanal, but has only very low activity with benzaldehyde, acetaldehyde and propanal. Displays complete lack of activity with citral (By similarity). Belongs to the aldehyde dehydrogenase family.
179	2662	9606.ENSP00000464145	GDF10	Growth/differentiation factor 10; Growth factor involved in osteogenesis and adipogenesis. Plays an inhibitory role in the process of osteoblast differentiation via SMAD2/3 pathway. Plays an inhibitory role in the process of adipogenesis; Belongs to the TGF-beta family.
180	3481	9606.ENSP00000391826	IGF2	Insulin-like growth factor II Ala-25 Del; The insulin-like growth factors possess growth-promoting activity. Major fetal growth hormone in mammals. Plays a key role in regulating fetoplacental development. IGF-II is influenced by placental lactogen. Also involved in tissue differentiation. Positively regulates myogenic transcription factor MYOD1 function by facilitating the recruitment of transcriptional coactivators, thereby controlling muscle terminal differentiation (By similarity). In adults, involved in glucose metabolism in adipose tissue, skeletal muscle and liver (Probable). Ac [...] 
181	6664	9606.ENSP00000322568	SOX11	Transcription factor SOX-11; Transcriptional factor involved in the embryonic neurogenesis. May also have a role in tissue modeling during development.
182	146664	9606.ENSP00000391227	MGAT5B	Alpha-1,6-mannosylglycoprotein 6-beta-N-acetylglucosaminyltransferase B; Glycosyltransferase that acts on alpha-linked mannose of N- glycans and O-mannosyl glycans. Catalyzes the transfer of N- acetylglucosamine (GlcNAc) to the beta 1-6 linkage of the mannose residue of GlcNAc-beta1,2-Man-alpha on both the alpha1,3- and alpha1,6- linked mannose arms in the core structure of N-glycan. Also acts on the GlcNAc-beta1,2-Man-alpha1-Ser/Thr moiety, forming a 2,6-branched structure in brain O-mannosyl glycan. Plays an active role in modulating integrin and laminin-dependent adhesion and migrat [...] 
183	149461	9606.ENSP00000296387	CLDN19	Claudin-19; Plays a major role in tight junction-specific obliteration of the intercellular space, through calcium-independent cell-adhesion activity.
184	727897	9606.ENSP00000436812	MUC5B	Mucin-5B; Gel-forming mucin that is thought to contribute to the lubricating and viscoelastic properties of whole saliva and cervical mucus.
185	1804	9606.ENSP00000367001	DPP6	Dipeptidyl aminopeptidase-like protein 6; Promotes cell surface expression of the potassium channel KCND2. Modulates the activity and gating characteristics of the potassium channel KCND2. Has no dipeptidyl aminopeptidase activity.
186	80059	9606.ENSP00000387228	LRRTM4	Leucine-rich repeat transmembrane neuronal protein 4; May play a role in the development and maintenance of the vertebrate nervous system. Exhibits strong synaptogenic activity, restricted to excitatory presynaptic differentiation (By similarity).
187	9965	9606.ENSP00000294312	FGF19	Fibroblast growth factor 19; Involved in the suppression of bile acid biosynthesis through down-regulation of CYP7A1 expression, following positive regulation of the JNK and ERK1/2 cascades. Stimulates glucose uptake in adipocytes. Activity requires the presence of KLB and FGFR4. Belongs to the heparin-binding growth factors family.
188	1917	9606.ENSP00000217182	EEF1A2	Elongation factor 1-alpha 2; This protein promotes the GTP-dependent binding of aminoacyl- tRNA to the A-site of ribosomes during protein biosynthesis; Belongs to the TRAFAC class translation factor GTPase superfamily. Classic translation factor GTPase family. EF-Tu/EF-1A subfamily.
189	3975	9606.ENSP00000477829	LHX1	LIM/homeobox protein Lhx1; Potential transcription factor. May play a role in early mesoderm formation and later in lateral mesoderm differentiation and neurogenesis.
190	723961	9606.ENSP00000380440	INS-IGF2	Insulin, isoform 2; INS-IGF2 readthrough.
191	4322	9606.ENSP00000260302	MMP13	Collagenase 3; Plays a role in the degradation of extracellular matrix proteins including fibrillar collagen, fibronectin, TNC and ACAN. Cleaves triple helical collagens, including type I, type II and type III collagen, but has the highest activity with soluble type II collagen. Can also degrade collagen type IV, type XIV and type X. May also function by activating or degrading key regulatory proteins, such as TGFB1 and CCN2. Plays a role in wound healing, tissue remodeling, cartilage degradation, bone development, bone mineralization and ossification. Required for normal embryonic bon [...] 
193	8788	9606.ENSP00000340292	DLK1	Protein delta homolog 1; May have a role in neuroendocrine differentiation.
